{"cameraMode":{"drawMode":0,"name":"Shaded","section":"Shading Mode"},"sceneLighting":true,"audioPlay":false,"sceneViewState":{"showFog":true,"showMaterialUpdate":false,"showSkybox":true,"showFlares":true,"showImageEffects":true,"showParticleSystems":true},"in2DMode":false,"pivot":{"x":65.59971618652344,"y":-48.50233459472656,"z":827.833984375},"rotation":{"x":-0.027144327759742738,"y":-0.10864794999361038,"z":0.0029767376836389305,"w":-0.9937235116958618},"size":137.8714141845703,"orthographic":false}